Bien_Dac_Trung,Muc_Do_Quan_Trong,Ty_Le_Phan_Tram
PM2.5,0.6650047966709502,66.5
O3,0.21477745128127645,21.48
NO2,0.06645097498275039,6.65
SO2,0.022935868872975683,2.29
PM10,0.021195441498378844,2.12
CO,0.0029368873736696703,0.29
TEMP,0.001006925000549787,0.1
DEWP,0.000998421775263637,0.1
PRES,0.0007110496905698231,0.07
WSPM,0.000618119907348138,0.06
hour_cos,0.0005746412620104513,0.06
hour_sin,0.00043679019717874864,0.04
month_sin,0.0002971727432017376,0.03
month_cos,0.0002016234724341197,0.02
station_Guanyuan,0.00012040936156948231,0.01
station_Huairou,9.5417002665567e-05,0.01
wd_NNE,8.749621338168894e-05,0.01
wd_WNW,8.357464489495219e-05,0.01
wd_ENE,8.283041993624964e-05,0.01
station_Wanliu,8.170335161197562e-05,0.01
wd_NE,8.075371975357311e-05,0.01
wd_WSW,7.80059137994764e-05,0.01
station_Tiantan,7.716181907399988e-05,0.01
wd_SW,7.290705612975289e-05,0.01
station_Dongsi,7.279850329640862e-05,0.01
wd_N,7.076905395060542e-05,0.01
station_Nongzhanguan,6.850022907858681e-05,0.01
wd_SSW,6.76984659649843e-05,0.01
wd_NNW,6.253104395401706e-05,0.01
station_Aotizhongxin,6.048135025085034e-05,0.01
RAIN,5.8155461651924684e-05,0.01
wd_ESE,5.22934047439636e-05,0.01
station_Wanshouxigong,5.2223258184388106e-05,0.01
station_Gucheng,5.000847447986239e-05,0.01
wd_NW,4.8784840665869585e-05,0.0
station_Shunyi,4.660574969546237e-05,0.0
station_Changping,4.613204907886781e-05,0.0
station_Dingling,4.4840375462143626e-05,0.0
wd_S,4.4663564135120355e-05,0.0
wd_W,4.241004321711242e-05,0.0
wd_E,3.8889661777602864e-05,0.0
wd_SE,3.54047563744427e-05,0.0
wd_SSE,3.038548266334573e-05,0.0
