Slice_Type,Condition,Samples,True_Mean_PM25,Pred_Mean_PM25,MAE,RMSE,Bias (True-Pred),Underprediction_Rate_%
Pollution_Severity,Overall_Test_Set,47822,87.46,81.2,54.34,83.54,6.26,41.6
Pollution_Severity,Low_Severity (0-25%),11951,21.77,55.88,36.38,45.36,-34.11,7.7
Pollution_Severity,Moderate_Severity (25-50%),11959,49.12,71.76,37.38,50.2,-22.64,29.4
Pollution_Severity,High_Severity (50-75%),11955,85.82,85.5,39.91,52.51,0.33,52.3
Pollution_Severity,Severe_Pollution (75-95%),9565,163.67,110.3,79.01,105.98,53.37,73.7
Pollution_Severity,Extreme_Crisis (>95%),2392,310.8,117.09,202.28,240.76,193.71,89.8
Monitoring_Station,Aotizhongxin,4136,89.64,82.97,57.27,85.39,6.67,41.9
Monitoring_Station,Changping,4195,76.99,75.71,47.74,71.71,1.28,38.5
Monitoring_Station,Dingling,3619,67.76,73.71,46.22,65.43,-5.94,34.8
Monitoring_Station,Dongsi,3911,100.44,85.78,61.0,94.77,14.66,45.9
Monitoring_Station,Guanyuan,3872,91.36,84.07,54.8,83.5,7.3,42.8
Monitoring_Station,Gucheng,3863,91.5,79.84,56.77,93.22,11.65,43.3
Monitoring_Station,Huairou,4013,69.32,73.43,45.08,66.41,-4.1,35.8
Monitoring_Station,Nongzhanguan,3944,90.55,83.88,55.66,83.82,6.67,43.0
Monitoring_Station,Shunyi,3772,90.72,84.95,56.76,86.41,5.78,40.8
Monitoring_Station,Tiantan,4067,94.66,84.31,57.63,87.94,10.35,44.4
Monitoring_Station,Wanliu,4178,86.06,80.79,53.16,80.94,5.26,41.1
Monitoring_Station,Wanshouxigong,4252,99.14,84.64,59.51,95.13,14.5,45.8
Diurnal_Time_Block,Night (00:00-05:00),11989,87.4,81.68,54.66,83.79,5.72,41.6
Diurnal_Time_Block,Morning (06:00-11:00),11959,87.14,80.18,54.4,83.95,6.96,41.9
Diurnal_Time_Block,Afternoon (12:00-17:00),11858,87.68,79.89,54.05,83.82,7.79,42.4
Diurnal_Time_Block,Evening (18:00-23:00),12016,87.63,83.02,54.23,82.62,4.61,40.4
