Feature,CatBoost_Importance,LightGBM_Importance,CatBoost_Rank,LightGBM_Rank,Avg_Rank
month_cos,10.959646846488905,165.8125,3,1,2.0
PM2.5,38.07229710496617,151.91666666666666,1,4,2.5
PRES,11.207527178893564,155.41666666666666,2,3,2.5
month_sin,5.484167458078657,118.29166666666667,5,5,5.0
WSPM,2.902772462688781,109.20833333333333,6,6,6.0
dow_cos,6.679817229140869,74.8125,4,13,8.5
dow_sin,1.806768738403593,77.02083333333333,9,9,9.0
SO2,1.4814124130094297,79.25,11,8,9.5
hour_cos,2.0646534058680426,74.9375,8,12,10.0
TEMP,1.294576465279177,94.9375,14,7,10.5
PM25_rmean72,2.424621083824332,71.16666666666667,7,14,10.5
O3,1.296055260350945,74.95833333333333,13,11,12.0
DEWP,0.5893722809614673,161.625,23,2,12.5
hour_sin,1.0379496292840709,77.0,17,10,13.5
PM25_lag72,1.4088058718535967,66.60416666666667,12,15,13.5
PM25_rmean48,0.6413213948961324,60.145833333333336,22,16,19.0
PM25_lag48,0.8220656470487311,54.333333333333336,20,19,19.5
PM25_diff24,1.112585723484283,42.9375,15,24,19.5
CO_PM25_ratio,1.017564380904598,49.229166666666664,18,22,20.0
PM25_lag168,0.47809082009753595,57.208333333333336,24,17,20.5
PM25_rq90_72,0.9228774620408614,47.708333333333336,19,23,21.0
PM25_rq90_48,1.78730481343468,29.145833333333332,10,34,22.0
PM25_rmean24,0.27283713370962115,54.208333333333336,28,20,24.0
RAIN,0.6597812775383638,35.729166666666664,21,28,24.5
PM25_rstd24,0.4588511103829172,39.645833333333336,25,25,25.0
PM25_rq90_24,0.2978583100080061,37.020833333333336,27,26,26.5
PM25_rq90_12,1.040509974390461,25.0625,16,38,27.0
PM25_rstd72,0.1091859787489828,50.229166666666664,35,21,28.0
CO,0.32287598107958365,32.458333333333336,26,31,28.5
AQI,0.1712420075982302,33.833333333333336,32,30,31.0
PM25_rmean12,0.18066939294767084,31.291666666666668,31,33,32.0
PM25_lag1,0.23146733937041053,25.166666666666668,29,37,33.0
PM25_diff1,0.0,54.958333333333336,51,18,34.5
PM25_rstd12,0.20971204891497908,22.916666666666668,30,39,34.5
PM10,0.13328069990632874,28.104166666666668,34,36,35.0
PM25_rmean3,0.16335824791986805,12.25,33,43,38.0
PM10_PM25_ratio,0.0,37.020833333333336,51,26,38.5
PM25_rmean6,0.04710995095150405,17.333333333333332,38,42,40.0
PM25_rstd48,0.0,34.1875,51,29,40.0
PM25_rq90_6,0.10652568043731403,10.354166666666666,36,45,40.5
PM25_lag6,0.06648639778636935,10.625,37,44,40.5
NO2,0.0,32.145833333333336,51,32,41.5
PM25_rq90_3,0.03599479731097151,8.291666666666666,39,46,42.5
PM25_lag12,0.0,28.375,51,35,43.0
PM25_lag24,0.0,21.9375,51,40,45.5
PM25_lag1_minus_lag24,0.0,19.145833333333332,51,41,46.0
PM25_rstd6,0.0,6.729166666666667,51,47,49.0
PM25_lag3,0.0,5.854166666666667,51,48,49.5
station_code,0.0,4.604166666666667,51,49,50.0
PM25_rstd3,0.0,3.0,51,50,50.5
CO_was_missing,0.0,0.8958333333333334,51,51,51.0
AQI_partial,0.0,0.5416666666666666,51,52,51.5
AQI_imputed_count,0.0,0.0625,51,53,52.0
O3_was_missing,0.0,0.020833333333333332,51,54,52.5
DEWP_was_missing,0.0,0.0,51,59,55.0
NO2_was_missing,0.0,0.0,51,59,55.0
PM2.5_was_missing,0.0,0.0,51,59,55.0
PRES_was_missing,0.0,0.0,51,59,55.0
WSPM_was_missing,0.0,0.0,51,59,55.0
TEMP_was_missing,0.0,0.0,51,59,55.0
RAIN_was_missing,0.0,0.0,51,59,55.0
PM10_was_missing,0.0,0.0,51,59,55.0
SO2_was_missing,0.0,0.0,51,59,55.0
